company,origin,platform_name,founding,funding,parent,market_type,signup_type,different_web,alexa_crank,alexa_cgeo1,alexa_cgeo2,alexa_prank,alexa_pgeo1,alexa_pgeo2,sw_ctraffic_m,sw_ctraffic_s,sw_ctraffic_bounce,sw_cgeo1,sw_cgeo2,sw_ptraffic_m,sw_ptraffic_s,sw_ctraffic_bounce,sw_pgeo1,sw_pgeo2,gender_f,gender_m,age_1824,age_2534,age_3544,age_4554,age_5564,age_65,self_size,deep_platform,deep_company,web,app,qualification,training,other_crowdsource,other_freelance,translation,trascription,dataentry,labels_2D,labels_3D,digitization,debug,moderation,recordings,surveys,websearch,producttag,photography
aispotters,USA,NA,2017,NA,NA,BPO,CLOSED,NA,2692115,NA,NA,NA,NA,NA,280,111,56.52,"IND,MYS,RUS","90.63,6.9,2.47",NA,NA,NA,NA,NA,NA,NA,NA,NA,NA,NA,NA,NA,NA,NA,NA,NA,NA,NA,NA,FALSE,FALSE,FALSE,FALSE,TRUE,TRUE,TRUE,FALSE,FALSE,FALSE,TRUE,FALSE,FALSE,TRUE,FALSE
Alegion,USA,NA,2012,16100000,NA,BPO,NA,NA,611618,"USA, MYS","70.8, 14.4",NA,NA,NA,23732,6831,35.24,"MYS,COL,USA,PHL,IND,EGY,PHL,JAP,GBR,GER,BRA","38.09,24.94,12.33,6.90,4.29,3.25,0.91,0.84,0.83,0.66",NA,NA,NA,NA,NA,40.43,59.57,24.75,33.57,18.48,11.3,7.39,4.51,NA,NA,NA,NA,NA,NA,NA,FALSE,FALSE,FALSE,FALSE,FALSE,TRUE,TRUE,FALSE,FALSE,FALSE,FALSE,FALSE,FALSE,TRUE,FALSE
Allied Data,USA,Sigtrack,NA,NA,NA,BPO,CLOSED,FALSE,294008,USA,72.5,NA,NA,NA,19950,10458,53.78,"USA,IND,PHL,ZAF,GBR,CAN,KEN,BGR,BGR,GHA","58.58,6.32,4.98,2.59,2.04,1.84,1.57,1.18",NA,NA,NA,NA,NA,47.5,52.5,25.95,29.62,18.06,12.39,8.88,5.1,NA,NA,NA,TRUE,FALSE,TRUE,NA,FALSE,FALSE,FALSE,FALSE,TRUE,FALSE,FALSE,FALSE,FALSE,FALSE,FALSE,FALSE,FALSE,FALSE,FALSE
Anolytics,IND,NA,2018,NA,NA,BPO,NA,NA,1458890,NA,NA,NA,NA,NA,2900,NA,62.51,"IND,USA,VNM,CHI,GER,BEL,NLD,ROU,AUS,AUT","32.62,18.69,13.03,6.45,4.47,2.96,2.92,1.69,1.54,1.44",NA,NA,NA,NA,NA,39.69,60.31,29.85,32.27,15.91,10.08,7.04,4.85,NA,NA,NA,NA,NA,NA,NA,FALSE,FALSE,FALSE,FALSE,FALSE,TRUE,TRUE,FALSE,FALSE,TRUE,FALSE,FALSE,FALSE,TRUE,FALSE
BasicAI,USA,NA,2019,NA,NA,BPO,BPO,FALSE,1430202,NA,NA,NA,NA,NA,5224,2983,60.19,"USA,GBR,IND,PRT,ITA,CZE,KOR,GER,CAN,BEL",,"13.71,8.26,7.94,5.99,5.97,4.93,4.27,4.16,3.33,3.14",NA,NA,NA,NA,NA,NA,NA,NA,NA,NA,NA,NA,30000,NA,NA,NA,NA,NA,NA,FALSE,FALSE,NA,NA,NA,NA,NA,NA,NA,NA,NA,NA,NA,NA,NA
BeMyEye Holdings,GBR,BeMyEye,2015,NA,NA,BPO,OPEN,TRUE,711417,RUS,63.3,NA,NA,NA,37493,16812,52.78,"RUS,ITA,ESP,UKR,FRA,GER,GBR,TUR,CZE,SRB","54.07,10.79,10.21,4.37,4.03,2.55,2.03,1.94,1.13,0.91",NA,NA,NA,NA,NA,NA,NA,NA,NA,NA,NA,NA,NA,2000000,NA,NA,FALSE,TRUE,FALSE,FALSE,FALSE,FALSE,FALSE,FALSE,TRUE,FALSE,FALSE,FALSE,FALSE,FALSE,FALSE,TRUE,FALSE,FALSE,TRUE
Bpeek,FRA,Bpeek,2016,NA,FMG Sales and Marketing,BPO,OPEN,TRUE,1715266,NA,NA,NA,NA,NA,383,213,62.38,FRA,100,NA,NA,NA,NA,NA,NA,NA,NA,NA,NA,NA,NA,NA,70000,NA,NA,FALSE,TRUE,FALSE,FALSE,FALSE,FALSE,FALSE,FALSE,TRUE,FALSE,FALSE,FALSE,FALSE,FALSE,FALSE,TRUE,FALSE,FALSE,TRUE
Braineet,FRA,Braineet,2014,NA,NA,BPO,OPEN,FALSE,464422,NA,NA,NA,NA,NA,17130,10196,75.93,"FRA,USA,IND,AUS,GBR,NLD,CAN,MYS,ESP,DNK","22.94,13.63,7.06,5.62,5.29,4.03,3.32,3.24,2.32,2.12",NA,NA,NA,NA,NA,NA,NA,NA,NA,NA,NA,NA,NA,140094,NA,NA,TRUE,FALSE,FALSE,FALSE,TRUE,FALSE,FALSE,FALSE,FALSE,FALSE,FALSE,FALSE,FALSE,FALSE,FALSE,FALSE,FALSE,FALSE,FALSE
CapeStart,USA,NA,2013,NA,NA,BPO,CLOSED,FALSE,1935473,NA,NA,NA,NA,NA,1666,551,57.14,"IND,USA,ARE,CHI,NLD,TUR,ISR,AUS,CAN,UKR","59.78,11.28,6.25,5.77,4.18,3.33,2.8,2.62,2.46,1.53",NA,NA,NA,NA,NA,NA,NA,NA,NA,NA,NA,NA,NA,250,NA,NA,NA,NA,NA,NA,FALSE,FALSE,NA,NA,NA,NA,NA,NA,NA,NA,NA,NA,NA,NA,NA
Clay Sciences,USA,NA,2016,NA,NA,BPO,BPO,FALSE,5265434,NA,NA,NA,NA,NA,446,256,22.52,"USA,IND,GER,DNK,MAR,JAP,RUS","52.86,19.46,11.96,7.95,3.34,3.24,1.21",NA,NA,NA,NA,NA,NA,NA,NA,NA,NA,NA,NA,NA,NA,NA,NA,NA,NA,NA,NA,FALSE,FALSE,FALSE,FALSE,FALSE,TRUE,TRUE,FALSE,FALSE,FALSE,FALSE,FALSE,FALSE,FALSE,FALSE
Click and Walk,FRA,Click and Walk,2012,NA,NA,BPO,OPEN,TRUE,8227354,NA,NA,NA,NA,NA,2800,1900,60.98,"FRA,GBR,SRB,BEL,COL,GER,NLD,MEX,USA,ZAF","38.59,15.56,9.58,7.64,4.77,4.3,4.23,3.2,2.73,1.68",NA,NA,NA,NA,NA,NA,NA,NA,NA,NA,NA,NA,NA,850000,NA,NA,FALSE,TRUE,NA,NA,FALSE,FALSE,FALSE,FALSE,FALSE,FALSE,FALSE,FALSE,FALSE,FALSE,FALSE,FALSE,FALSE,FALSE,TRUE
Cloudfactory,GBR,NA,2011,78000000,NA,BPO,BPO,NA,148817,"USA,NPL,IND,KEN","62.2,10.6,5.54.7",NA,NA,NA,117922,27929,30.85,"NPL,KEN,USA,FRA,GBR","32,21,14,6,2",NA,NA,NA,NA,NA,NA,NA,NA,NA,NA,NA,NA,NA,NA,NA,NA,NA,NA,NA,NA,FALSE,FALSE,NA,NA,NA,NA,NA,NA,NA,NA,NA,NA,NA,NA,NA
Crowd Guru,GER,Crowdmodul,2008,NA,NA,BPO,BPO,FALSE,4486943,NA,NA,NA,NA,NA,5146,2633,40.79,"GER,MEX,RUS,AUS,ESP","56,13,4,2,1",NA,NA,NA,NA,NA,NA,NA,NA,NA,NA,NA,NA,NA,50000,NA,NA,NA,NA,NA,NA,FALSE,FALSE,FALSE,FALSE,TRUE,TRUE,TRUE,TRUE, NA,TRUE,FALSE,NA,TRUE,TRUE,NA
CrowdForce,USA,Payforce,2018,420000,NA,BPO,CLOSED,TRUE,755191,NA,NA,NA,NA,NA,1566,1193,69.94,"NGA,USA,ARE,FRA,GBR,BRA,IND,CAN,GER,RUS","22.26,21.99,18.61,5.66,4.53,4.5,3.54,3.49,2.35,2.05",NA,NA,NA,NA,NA,NA,NA,NA,NA,NA,NA,NA,NA,NA,NA,NA,TRUE,TRUE,NA,NA,FALSE,FALSE,NA,NA,NA,NA,NA,NA,NA,NA,NA,NA,NA,NA,NA
Daivergent,USA,NA,2017,1300000,NA,BPO,BPO,NA,2335748,NA,NA,NA,NA,NA,5419,2433,46.28,"USA,PHL,HRV,IND","94,3,2,1",NA,NA,NA,NA,NA,NA,NA,NA,NA,NA,NA,NA,NA,NA,NA,NA,NA,NA,NA,NA,FALSE,FALSE,NA,NA,NA,NA,NA,NA,NA,NA,NA,NA,NA,NA,NA
Dataloop AI,ISR,NA,2017,5000000,NA,BPO,NA,NA,792704,NPL,6.2,NA,NA,NA,6803,2450,26.06,"NGA,USA,ISR,IND,MEX,MYS,GBR,CZE,CHE,GER","47.17,19.9,12.28,10.96,2.39,1.5,1.33,1.09,0.93,.62",NA,NA,NA,NA,NA,NA,NA,NA,NA,NA,NA,NA,NA,NA,NA,NA,NA,NA,NA,NA,FALSE,FALSE,NA,NA,NA,TRUE,TRUE,NA,NA,NA,NA,NA,NA,NA,NA
DataPure,USA,NA,2015,NA,NA,BPO,NA,NA,NA,NA,NA,NA,NA,NA,370,206,64.78,"USA,SWE,NLD,FIN,TUR,SRB,IND,IDN","32.18,17.78,12.73,12.56,8.89,6.76,5.2,3.91",NA,NA,NA,NA,NA,NA,NA,NA,NA,NA,NA,NA,NA,NA,NA,NA,NA,NA,NA,NA,FALSE,FALSE,NA,NA,TRUE,TRUE,TRUE,NA,NA,TRUE,NA,NA,TRUE,TRUE,NA
Dataturks,IND,NA,2018,NA,Walmart Labs,BPO,BPO,NA,462577,NA,NA,NA,NA,NA,19585,11508,42.34,"IND,USA,CHI,FRA,CAN,KOR,ESP,GBR,VNM,NLD","25.93,18.07,5.71,4.45,2.97,2.58,2.57,2.55,2.38,2.34",NA,NA,NA,NA,NA,NA,NA,NA,NA,NA,NA,NA,NA,NA,NA,NA,NA,NA,NA,NA,FALSE,FALSE,NA,NA,NA,NA,NA,NA,NA,NA,NA,NA,NA,NA,NA
DefinedCrowd,USA,Neevo,2015,63600000,NA,BPO,OPEN,FALSE,63747,"BRA,USA,IND,EGY,CAN,TUR","30.6,14.5,5.6,4.3,3.4,2.1",204137,"BRA,MAR","46.6,1.7",699402,139711,24.88,"FRA,USA,ITA,GBR,BRA,NLD,MEX,GER,ESP,CZE","13.32,11.85,10.3,9,8.56,7.93,7.47,6.1,2.99,2.46",NA,NA,NA,NA,NA,NA,NA,NA,NA,NA,NA,NA,NA,NA,NA,NA,TRUE,FALSE,TRUE,FALSE,FALSE,FALSE,TRUE,NA,NA,TRUE,TRUE,NA,NA,NA,NA,NA,NA,TRUE,NA
Digital Divide Data,USA,NA,2001,NA,NA,BPO,BPO,NA,1599962,NA,NA,NA,NA,NA,3920,3333,48.49,"KEN,USA,IND,ZAF,FJI,POL,AUS,KHM,PHL,CAN","53.44,23.53,3.61,3.06,2.84,1.87,1.86,1.76,1.52,1.09",NA,NA,NA,NA,NA,NA,NA,NA,NA,NA,NA,NA,NA,NA,NA,NA,NA,NA,NA,NA,FALSE,FALSE,NA,NA,NA,NA,NA,NA,NA,NA,NA,NA,NA,NA,NA
Digivante,GBR,Bugfinders,1998,NA,Prism DM,BPO,CLOSED,FALSE,733889,IND,46.2,NA,NA,NA,48568,14411,30.47,"IND,UKR,GBR,SRB,EGY,USA,CAN,FRA,ROU,GER","34.3,17.68,16.57,5.91,4.15,3.98,2.01,1.67,1.4,1.26",NA,NA,NA,NA,NA,NA,NA,NA,NA,NA,NA,NA,NA,NA,NA,NA,TRUE,FALSE,NA,NA,FALSE,FALSE,FALSE,FALSE,FALSE,FALSE,FALSE,FALSE,TRUE,FALSE,FALSE,FALSE,FALSE,FALSE,FALSE
E-Magine,PAN,Gig Bucks,2007,,NA,OPEN,OPEN,FALSE,116830,"IND,BGD,PAK","50.2,6.2,6.1",NA,NA,NA,18919,9378,46.18,"IND,USA,PAK,DNK,PHL,BGD,MEX,NGA,ALB,MAR","27.6,13.09,5.21,4.51,3.3,3.08,2.66,2.36,2.22,1.85",NA,NA,NA,NA,NA,NA,NA,NA,NA,NA,NA,NA,NA,NA,NA,NA,TRUE,FALSE,FALSE,FALSE,FALSE,TRUE,TRUE,TRUE,TRUE,FALSE,FALSE,TRUE,FALSE,FALSE,TRUE,FALSE,TRUE,FALSE,TRUE
Ferpection,FRA,Ferpection,2014,NA,NA,BPO,OPEN,FALSE,124700,NA,NA,NA,NA,NA,105779,36866,43.09,"FRA,USA,NED,IND,CAN,ITA,PHL,TGO,DZA,ZAF","30.64,13.88,9.02,4.59,4.41,3.55,3.34,2.21,1.52,1.47",NA,NA,NA,NA,NA,NA,NA,NA,NA,NA,NA,NA,NA,100000,NA,NA,TRUE,FALSE,TRUE,FALSE,TRUE,FALSE,FALSE,FALSE,FALSE,FALSE,FALSE,FALSE,TRUE,FALSE,FALSE,TRUE,FALSE,FALSE,FALSE
Fiverr International,ISR,Fiverr,2010,NA,NA,OPEN,OPEN,FALSE,326,"USA,IND,PAK,BGD,CAN,NGA,AUS,JAP,BRA,SAU,MEX,EGY,CHE,MAR,SGP,DZA,KOR,LKA,ARE,ZAF,QAT,PHL,ISR,FRA,TUR,ARG,HKG,SDN,MYS","29.4,14.5,12.1,4.3,3.3,3.3,2.4,1.9,1.4,1.4,1.3,1.3,1.1,1.1,1.1,1,1,0.9,0.9,0.9,0.9,0.7,0.7,0.6,0.5,0.5,0.5,0.5,0.5",NA,NA,NA,53260000,9812000,28.98,"USA,PAK,BGD,IND,GBR,CAN,IDN,LKA,GER,AUS","23.21,10.17,7.53,6.31,5.3,2.79,2.71,2.54,2.07,1.61",NA,NA,NA,NA,NA,NA,NA,NA,NA,NA,NA,NA,NA,830000,NA,NA,TRUE,TRUE,FALSE,FALSE,FALSE,TRUE,TRUE,TRUE,FALSE,FALSE,FALSE,FALSE,FALSE,FALSE,FALSE,FALSE,FALSE,FALSE,FALSE
Flitto,KOR,Flitto,2012,19100000,NA,OPEN,OPEN,FALSE,64816,"KOR,IDN","85,2.3",NA,NA,NA,114360,63463,40.18,"KOR,IDN,FRA,CHL,USA,VNM,JAP,IND,CAN,ESP","68.26,5.63,4.42,4.05,3.59,1.98,1.22,0.92,0.82,.6",NA,NA,NA,NA,NA,NA,NA,NA,NA,NA,NA,NA,NA,NA,NA,NA,TRUE,TRUE,TRUE,FALSE,FALSE,FALSE,TRUE,FALSE,FALSE,FALSE,FALSE,FALSE,FALSE,FALSE,FALSE,FALSE,FALSE,FALSE,FALSE
Global Technology Solution,IND,NA,2012,NA,NA,BPO,BPO,NA,3718358,NA,NA,NA,NA,NA,333,188,46.17,"IND,NLD,CAN","78.31,12.19,9.5",NA,NA,NA,NA,NA,NA,NA,NA,NA,NA,NA,NA,NA,NA,NA,NA,NA,NA,NA,NA,FALSE,FALSE,FALSE,FALSE,TRUE,TRUE,TRUE,FALSE,FALSE,FALSE,TRUE,FALSE,NA,NA,NA
Helpware,USA,Taskware,2015,NA,NA,BPO,BPO,NA,817967,USA,65.1,NA,NA,NA,2633,1316,50.44,"UKR,USA,IND,GTM,PAK,MEX,HKG,PHL,BEL,ARG","37.45,22.98,8.02,5.53,3,2.8,2.71,2.63,2.16,2.1",NA,NA,NA,NA,NA,NA,NA,NA,NA,NA,NA,NA,NA,NA,NA,NA,NA,NA,NA,NA,FALSE,FALSE,FALSE,TRUE,NA,TRUE,TRUE,FALSE,FALSE,FALSE,NA,FALSE,FALSE,TRUE,FALSE
Ideascale,USA,Ideascale,2009,NA,NA,BPO,NA,NA,153878,"USA,IND","35.3,22.7",NA,NA,NA,51950,31558,57.88,"USA,GER,GBR,GER,IND,AUS,JAP,BGD,BRA,FRA","40.92,5.01,4.9,4.75,3.77,3.38,2.35,2.29,2.24,1.54",NA,NA,NA,NA,NA,NA,NA,NA,NA,NA,NA,NA,NA,NA,NA,NA,NA,NA,NA,NA,TRUE,FALSE,FALSE,FALSE,FALSE,FALSE,FALSE,FALSE,TRUE,FALSE,FALSE,TRUE,FALSE,FALSE,FALSE
iMerit,USA,NA,2012,23500000,NA,BPO,BPO,NA,263383,IND,79.7,NA,NA,NA,11110,4700,45.91,"IND,USA,CHE,GER,FRA,MYS,MDG,CAN,PHL,CZE","48.03,35.03,2.34,2.25,2.12,1.94,1.21,1.16,1.15,0.93",NA,NA,NA,NA,NA,NA,NA,NA,NA,NA,NA,NA,NA,NA,NA,NA,NA,NA,NA,NA,FALSE,FALSE,FALSE,NA,NA,TRUE,TRUE,NA,NA,NA,NA,NA,NA,NA,NA
Ionicware,USA,SEOClerks,2014,NA,NA,OPEN,OPEN,FALSE,21517,"IND,PAK,USA,BGD,NGA,EGY,DZA,SAU,IDN,THA,LKA,CAN,VNM,TUR,MAR,KHM,MYS,IRN","22.6,11.5,10.5,7.4,5.8,3.3,3,2.5,1.8,1.8,1.7,1.6,1.4,1.4,1.4,1.1,0.7,0.6",NA,NA,NA,NA,NA,NA,NA,NA,NA,NA,NA,NA,NA,NA,NA,NA,NA,NA,NA,NA,NA,NA,NA,NA,TRUE,TRUE,FALSE,FALSE,FALSE,TRUE,FALSE,FALSE,TRUE,FALSE,FALSE,FALSE,FALSE,FALSE,FALSE,FALSE,FALSE,FALSE,FALSE
Ionicware,USA,Wordclerks,2014,NA,NA,OPEN,OPEN,FALSE,410867,"USA,BGD","63,12.8",NA,NA,NA,4216,4100,54.78,"PAK,USA,VNM,IND,GBR,LKA,MAR,BRA,BGD,PHL","25.24,12.75,7.47,6.42,5.23,5.04,4.56,4.35,3.5,3.26,",NA,NA,NA,NA,NA,NA,NA,NA,NA,NA,NA,NA,NA,NA,NA,NA,TRUE,TRUE,NA,FALSE,FALSE,TRUE,TRUE,TRUE,FALSE,FALSE,FALSE,FALSE,FALSE,FALSE,FALSE,FALSE,FALSE,FALSE,FALSE
Isahit,FRA,Isahit,2017,NA,NA,BPO,CLOSED,FALSE,261830,MDG,94,NA,NA,NA,28286,5857,15.14,"CIV,RWA,MDG,CMR,SEN,FRA,PHL,TGO,MEX,IND","49.1,13.49,11.41,10.14,9.12,2.66,1.18,0.86,0.36,0.29",NA,NA,NA,NA,NA,NA,NA,NA,NA,NA,NA,NA,NA,NA,NA,NA,NA,NA,TRUE,NA,FALSE,FALSE,FALSE,TRUE,TRUE,TRUE,TRUE,TRUE,NA,TRUE,NA,NA,TRUE,NA,NA
Labelbox,USA,NA,2017,38900000,NA,BPO,BPO,NA,201563,USA,63.6,NA,NA,NA,58428,20802,31.3,"IND,USA,CHI,CZE,GER,NLD,KOR,FRA,POL,CAN","27.09,24.39,3.89,3.67,2.99,2.8,2.51,2.33,2.22,1.88",NA,NA,NA,NA,NA,NA,NA,NA,NA,NA,NA,NA,NA,NA,NA,NA,NA,NA,NA,NA,FALSE,FALSE,NA,NA,NA,NA,NA,NA,NA,NA,NA,NA,NA,NA,NA
Lionbridge,USA,Lionbridge,1996,NA,H.I.G. Capital,BPO,CLOSED,FALSE,12476,"JAP,USA,IND,BRA,EGY,PHL,ZAF,ISR,MYS,CAN,NGA,MAR,TUR,IDN","21.7,19.9,16.8,8.9,5.7,2.4,1.5,1.4,.3,1.1,1.1,0.8,0.6,0.5",NA,NA,NA,1695000,485125,28.49,"USA,BRA,IND,GER,CHI,GBR,FRA,ESP,MEX,PHL","16.64,10.41,8.01,5.78,5.08,3.71,3.15,3.04,2.99,2.41",NA,NA,NA,NA,NA,NA,NA,NA,NA,NA,NA,NA,NA,NA,Raterhub,Google,TRUE,TRUE,TRUE,NA,FALSE,FALSE,TRUE,TRUE,TRUE,TRUE,TRUE,NA,TRUE,TRUE,TRUE,NA,TRUE,NA,NA
Mirwork,USA,SEO sprint,2007,NA,NA,OPEN,OPEN,FALSE,10620,"RUS,VEN,UKR,CUB,BLR,LTU,KAZ,MEX,EGY,UZB,COL,IRN","50,8.8,8.1,4,2.6,2.4,2,1.7,1.3,1.1,1,0.6",NA,NA,NA,3839000,263647,19.12,"RUS,UKR,BLR,KAZ,MDA,VEN,BGR,ARM,UZB,LVA","56.96,26.24,3.42,2.73,1.35,1.27,0.86,0.78,0.68,0.53",NA,NA,NA,NA,NA,NA,NA,NA,NA,NA,NA,NA,NA,NA,NA,NA,TRUE,FALSE,FALSE,FALSE,TRUE,FALSE,FALSE,FALSE,TRUE,FALSE,FALSE,NA,FALSE,NA,NA,NA,TRUE,NA,FALSE
Mobeye,FRA,Mobeye,2013,NA,NA,BPO,OPEN,TRUE,3472213,NA,NA,NA,NA,NA,NA,NA,NA,"GBR,FRA,SRB,COL,CHI,ECU,BGR,GER,ITA,BEL","36.87,18.39,11.36,4.99,3.99,3.91,3.41,3.36,3.21,2.24",NA,NA,NA,NA,NA,NA,NA,NA,NA,NA,NA,NA,NA,NA,NA,NA,FALSE,TRUE,FALSE,FALSE,FALSE,FALSE,FALSE,FALSE,FALSE,FALSE,FALSE,FALSE,FALSE,FALSE,FALSE,TRUE,FALSE,FALSE,TRUE
MonkeyLearn,USA,NA,2014,3200000,NA,BPO,BPO,NA,53531,"USA,IND,PAK,AUS,CAN,IRN","37,19.4,3.7,2.8,2.7,1.1",NA,NA,NA,195080,123103,69.88,"USA,IND,GBR,GER,CHI,CAN,FRA,AUS,NLD,VNM","19.6,19.06,4.61,3.88,2.88,2.87,2.68,2.52,2.08,1.53",NA,NA,NA,NA,NA,NA,NA,NA,NA,NA,NA,NA,NA,NA,NA,NA,NA,NA,NA,NA,NA,FALSE,NA,NA,NA,NA,NA,NA,NA,NA,NA,NA,NA,NA,NA
Ninja Partners,USA,Support Ninja,2014,500000,NA,BPO,BPO,NA,314955,USA,80,NA,NA,NA,12901,7516,58.46,"USA,PHL,CAN,POL,GBR,ZAF,BRA,MEX,GER,AUS","51.83,7.69,4.88,2.81,2.66,2.5,2.12,1.88,.67,1.58",NA,NA,NA,NA,NA,NA,NA,NA,NA,NA,NA,NA,NA,NA,NA,NA,TRUE,FALSE,TRUE,NA,FALSE,TRUE,FALSE,FALSE,TRUE,FALSE,FALSE,FALSE,FALSE,TRUE,FALSE,FALSE,FALSE,FALSE,FALSE
Pactera,CHI,Pactera Remote,1995,NA,HNA EcoTech,BPO,OPEN,TRUE,36985,CHI,91.5,1631196,NA,NA,184011,50592,31.18,"CHI,SGP,USA,JAP,AUS","72,5,5,4,1",4429,NA,39.67,"USA,POL,PHL,CAN,GER,ZAF,AUS,BRA,BGR,CHI","13.57,12.78,9.73,7.29,5.81,5.38,5.35,4.6,4.54,3.05",NA,NA,NA,NA,NA,NA,NA,NA,NA,UHRS,Microsoft,TRUE,FALSE,TRUE,TRUE,FALSE,TRUE,TRUE,TRUE,TRUE,TRUE,NA,TRUE,TRUE,TRUE,TRUE,NA,TRUE,TRUE,TRUE
People Per Hour Limited,GBR,PeoplePerHour,2007,NA,NA,OPEN,OPEN,FALSE,4601,NA,NA,NA,NA,NA,3234000,1058000,38.52,"GBR,IND,PAK,USA,BGD,LKA,EGY,PHL,IRL,PSE","22.56,16.93,9.77,7.92,6.71,2.05,1.66,1.62,1.11,1.07",NA,NA,NA,NA,NA,NA,NA,NA,NA,NA,NA,NA,NA,2909437,NA,NA,TRUE,TRUE,TRUE,FALSE,FALSE,TRUE,TRUE,TRUE,TRUE,FALSE,FALSE,FALSE,FALSE,FALSE,FALSE,FALSE,FALSE,FALSE,FALSE
Playment,IND,Playment,2015,2500000,NA,BPO,BPO,FALSE,13861,IND,94.7,NA,NA,NA,16439,7337,54.3,"IND,USA,VNM,BEL,KOR","39,13,3,3,2",NA,NA,NA,NA,NA,NA,NA,NA,NA,NA,NA,NA,NA,NA,NA,NA,NA,NA,NA,NA,FALSE,FALSE,FALSE,FALSE,FALSE,TRUE,TRUE,FALSE,FALSE,FALSE,FALSE,FALSE,FALSE,FALSE,FALSE
Prolific ACANemic,GBR,Prolific,2014,1200000,NA,OPEN,OPEN,FALSE,9262,"USA,GBR,MEX,GRC,BGR,CAN,TUN,IND","49.2,23.1,4,2.9,2.8,2.3,0.8,0.6",NA,NA,NA,5557748,299367,17.99,"USA,GBR,POL,PRT,CAN","36,23,4,3,2",NA,NA,NA,NA,NA,NA,NA,NA,NA,NA,NA,NA,NA,NA,NA,NA,TRUE,FALSE,FALSE,FALSE,FALSE,FALSE,FALSE,FALSE,FALSE,FALSE,FALSE,FALSE,FALSE,FALSE,FALSE,TRUE,FALSE,FALSE,FALSE
Q Analysts,USA,NA,2003,NA,NA,BPO,CLOSED,FALSE,4601,"IND,USA,PAK,BGD,GBR,QAT,EGY,NGA,SAU,AUS,CAN,TUR,BRA,LKA,ARE,ZAF,PHL,CHE,GRC,ARG,MYS,KWT,DZA,IRN,DOM,HKG","28.1,12.2,12.1,4.8,3.4,3.2,3,2.9,2.1,1.4,1.2,1.2,1.2,1,1,0.9,0.9,0.8,0.8,0.7,0.7,0.7,0.6,0.5,0.5,0.5",NA,NA,NA,5643000,299367,17.99,NA,NA,NA,NA,NA,NA,NA,NA,NA,NA,NA,NA,NA,NA,NA,NA,NA,NA,NA,NA,TRUE,NA,FALSE,FALSE,FALSE,FALSE,FALSE,FALSE,FALSE,FALSE,TRUE,FALSE,FALSE,FALSE,FALSE,FALSE,FALSE
Quantigo AI,CAN,NA,2018,NA,NA,BPO,BPO,NA,9765269,NA,NA,NA,NA,NA,233,NA,71.52,"USA,NZL,BGD,CAN,RUS","41.66,22.26,17.2,14.03,4.86",NA,NA,NA,NA,NA,NA,NA,NA,NA,NA,NA,NA,NA,NA,NA,Supervisely,NA,NA,NA,NA,NA,NA,NA,NA,NA,NA,NA,NA,NA,NA,NA,NA,NA,NA,NA
Roamler B.V.,NLD,Roamler,2011,NA,NA,BPO,OPEN,FALSE,"1,377,710",NA,NA,NA,NA,NA,24447,20281,31.4,"NLD,GER,FRA,BEL,GBR,ITA,AUT,BRA,USA,SRB","37.98,13.86,8.59,8.31,6.12,3.08,2.5,2.24,1.68,1.61",NA,NA,NA,NA,NA,NA,NA,NA,NA,NA,NA,NA,NA,NA,NA,NA,TRUE,FALSE,TRUE,NA,FALSE,TRUE,FALSE,FALSE,FALSE,FALSE,FALSE,FALSE,FALSE,FALSE,FALSE,FALSE,FALSE,FALSE,TRUE
Samasource,USA,SamaHub,2008,14800000,NA,BPO,CLOSED,FALSE,551795,NA,NA,470187,"KEN,USA,UGA","26.9,26.4,8.8",20786,2516,45.25,"KEN,MUS,USA","96.21,3.31,.48",NA,NA,NA,NA,NA,NA,NA,NA,NA,NA,NA,NA,NA,NA,NA,NA,TRUE,FALSE,TRUE,NA,FALSE,FALSE,FALSE,TRUE,FALSE,TRUE,TRUE,FALSE,FALSE,FALSE,FALSE,FALSE,FALSE,FALSE,FALSE
Steamhunt (Hunt),KOR,Reviewhunt,2018,NA,NA,OPEN,OPEN,FALSE,62014,"VEN,KOR,BGD,IND,PHL","44.3,16.9,4.4,2.6,2.2",NA,NA,NA,138164,497889,32.04,"VEN,KOR,BRA,BGD,USA,VNM,NIC,CHI,PHL,PAN","28.05,18.95,9.25,6.53,6.06,4.84,2.42,2.34,2.16,.99",NA,NA,NA,NA,NA,NA,NA,NA,NA,NA,NA,NA,NA,60000,NA,NA,TRUE,FALSE,FALSE,FALSE,TRUE,TRUE,TRUE,TRUE,TRUE,FALSE,FALSE,TRUE,NA,NA,NA,TRUE,TRUE,NA,NA
Streetbees.com,GBR,Streetbees,2014,NA,NA,BPO,OPEN,TRUE,461529,NA,NA,NA,NA,NA,16989,9328,39.28,"GBR,USA,IND,BRA,PHL,TUR,GER,GRC,COL,FRA","15.35,12.76,10.53,7.25,4.25,3.56,3.21,3.14,2.9,2.74",NA,NA,NA,NA,NA,NA,NA,NA,NA,NA,NA,NA,NA,50000,NA,NA,TRUE,TRUE,NA,NA,TRUE,FALSE,FALSE,FALSE,FALSE,FALSE,FALSE,FALSE,FALSE,FALSE,FALSE,TRUE,FALSE,NA,NA
Streetspotr,GER,Streetspotr,2011,NA,NA,BPO,OPEN,FALSE,1883622,NA,NA,NA,NA,NA,4380,NA,75.71,"GER,SRB,IND,BRA,AUS","33,10,10,6,5",NA,NA,NA,NA,NA,NA,NA,NA,NA,NA,NA,NA,NA,500000,NA,NA,FALSE,TRUE,NA,NA,TRUE,FALSE,FALSE,FALSE,FALSE,FALSE,FALSE,FALSE,FALSE,FALSE,FALSE,FALSE,FALSE,FALSE,TRUE
SupaHands,MYS,SupaAgents,2014,400000,NA,BPO,CLOSED,FALSE,534863,PHL,27.4,NA,NA,NA,25268,5360,29.45,"PHL,IDN,MYS,IND,BRA,USA,BGD,NLD,MAR,KEN","67.47,15.72,9.22,1.96,1.45,1.28,0.46,0.31,0.31,0.29",NA,NA,NA,NA,NA,NA,NA,NA,NA,NA,NA,NA,NA,NA,NA,NA,TRUE,FALSE,TRUE,FALSE,FALSE,FALSE,FALSE,TRUE,FALSE,TRUE,TRUE,FALSE,FALSE,TRUE,FALSE,FALSE,TRUE,TRUE,FALSE
SuperAnnotate,USA,Annotate.online,2018,3000000,NA,BPO,BPO,TRUE,679573,NA,NA,NA,NA,NA,6020,NA,55.67,"USA,GER,ARM,IND,FRA,MYS,RUS,POL,CHI,PHL","29.12,14.38,13.5,6.11,6.11,3.39,3.28,3.12,3.1,2.78",NA,NA,NA,NA,NA,NA,NA,NA,NA,NA,NA,NA,NA,NA,NA,NA,TRUE,FALSE,TRUE,NA,FALSE,FALSE,FALSE,FALSE,FALSE,TRUE,TRUE,FALSE,FALSE,FALSE,FALSE,FALSE,FALSE,TRUE,FALSE
Supervisely,USA,NA,2017,NA,NA,BPO,BPO,NA,288575,"USA,RUS","27.1,23.6",NA,NA,NA,31686,12911,33.69,"USA,CHI,VNM,IND,KOR,BRA,BGD,THA,RUS,GER","26.92,11.34,8.19,7.56,5.5,4.76,2.99,2.54,2.24,2.01",NA,NA,NA,NA,NA,NA,NA,NA,NA,NA,NA,NA,NA,NA,NA,NA,NA,NA,NA,NA,NA,NA,NA,NA,NA,NA,NA,NA,NA,NA,NA,NA,NA,NA,NA
Tamr,USA,NA,2012,69200000,NA,BPO,BPO,NA,826291,USA,79.9,NA,NA,NA,8911,5959,51.15,"USA,IND,GBR,FRA,GER,CAN,VNM,MEX,NLD,POL","44.04,11.12,10.7,3.35,2.94,2.91,2.7,2.44,2.29,1.41",NA,NA,NA,NA,NA,NA,NA,NA,NA,NA,NA,NA,NA,NA,NA,NA,NA,NA,NA,NA,NA,NA,NA,NA,NA,NA,NA,NA,NA,NA,NA,NA,NA,NA,NA
Testbirds,GER,Testbirds,2011,11100000,NA,BPO,CLOSED,FALSE,84088,"USA,IND,ISR,ARE,RUS,MAR","21.5,11.7,11.7,8.3,8,1.6",11621,"GER,AUS,CHE,SWE","72,9,1,1",187527,70370,42.02,"GER,RUS,HUN,IND,GBR,USA,UKR,ECU,SWE,FRA","27.74,10.16,9.77,5.29,5.09,4.5,2.58,2.57,2.41,2.2",NA,NA,NA,NA,NA,NA,NA,NA,NA,NA,NA,NA,NA,400000,NA,NA,TRUE,NA,TRUE,NA,FALSE,FALSE,FALSE,FALSE,FALSE,FALSE,FALSE,FALSE,TRUE,FALSE,FALSE,FALSE,FALSE,FALSE,FALSE
Topcoder,USA,Connect (Topcoder),2001,11300000,Appirio,BPO,CLOSED,FALSE,NA,NA,NA,NA,NA,NA,7192,3847,11.32,"IND,USA,FRA,BRA,GBR,IND,GER,VNM,BGD,PHL","47.43,8.99,3.37,3,2.95,2.67,2.42,2.4,.11",NA,NA,NA,NA,NA,NA,NA,NA,NA,NA,NA,NA,NA,1500000,NA,NA,TRUE,FALSE,TRUE,FALSE,FALSE,TRUE,FALSE,FALSE,FALSE,FALSE,FALSE,FALSE,TRUE,FALSE,FALSE,FALSE,FALSE,FALSE,FALSE
Trifacta,USA,NA,2012,224300000,NA,BPO,BPO,NA,270163,"USA,IND","33.6,24.9",NA,NA,NA,48144,30384,68.09,"USA,IND,CAN,FRA,GBR,SVK,BRA,AUS,FIN,NLD","28.86,14.18,5.77,5.45,4.32,2.69,2.22,2.04,2,1.89",NA,NA,NA,NA,NA,NA,NA,NA,NA,NA,NA,NA,NA,NA,NA,NA,NA,NA,NA,NA,NA,NA,NA,NA,NA,NA,NA,NA,NA,NA,NA,NA,NA,NA,NA
Understand.ai,GER,NA,2016,2800000,dSPACE,BPO,BPO,NA,2374348,NA,NA,NA,NA,NA,3836,NA,34.26,"IND,GER,GBR,CHI,BEL,POL,USA,NLD,SWE,FRA","47.56,32.17,2.92,2.73,2.65,2.55,1.77,1.54,1.27,0.96",NA,NA,NA,NA,NA,NA,NA,NA,NA,NA,NA,NA,NA,NA,NA,NA,NA,NA,NA,NA,NA,NA,NA,NA,NA,NA,NA,NA,NA,NA,NA,NA,NA,NA,NA
Websoft,USA,Guru,1997,NA,NA,OPEN,OPEN,FALSE,7037,"IND,USA,PAK,KOR,BGD,ZAD,EGY,CAN,NGA,SAU,LKA,KWT,PHL,SGP,MDG,MYS,AUS,TUR,MAR","33.4,17.5,13.9,4.4,3.1,1.4,1.4,1.1,1.1,1.1,1,0.9,0.9,0.9,0.7,0.7,0.6,0.6,0.5",NA,NA,NA,1396000,543576,36.74,"IND,USA,PAK,BGD,PHL,KEN,CAN,ESP,GBR,CHI","26.1,15.12,13.81,4.82,2.95,2.74,2.08,1.68,1.58,1.18",NA,NA,NA,NA,NA,NA,NA,NA,NA,NA,NA,NA,NA,800000,NA,NA,TRUE,TRUE,FALSE,FALSE,FALSE,TRUE,TRUE,TRUE,FALSE,FALSE,FALSE,FALSE,TRUE,FALSE,FALSE,FALSE,FALSE,FALSE,FALSE
Welocalize,USA,NA,1997,NA,NA,BPO,BPO,NA,103003,"AUS,IND,NGA,EGY","19.6,13.5,13,4.3",NA,NA,NA,279410,62845,28.6,"BRA,ESP,USA,CHI,CAN,ITA,GBR,IND,FIN,GER","15.28,11.92,9.78,9.7,5.88,5.49,5.32,4.81,3.14,2.73",NA,NA,NA,NA,NA,NA,NA,NA,NA,NA,NA,NA,NA,NA,NA,NA,NA,NA,NA,NA,NA,NA,NA,NA,NA,NA,NA,NA,NA,NA,NA,NA,NA,NA,NA
Wer Denkt Was,GER,appjober,2011,NA,NA,BPO,OPEN,FALSE,NA,NA,NA,NA,NA,NA,5284,5483,51.33,"GER,AUT,GBR,ITA,BRA,CHE,LBN,FRA,BGR,CMR","69.48,10.81,4.16,3.06,2.95,2.25,2.08,2.05,1.46,.68",NA,NA,NA,NA,NA,NA,NA,NA,NA,NA,NA,NA,NA,1000000,NA,NA,FALSE,TRUE,FALSE,FALSE,FALSE,FALSE,FALSE,FALSE,FALSE,FALSE,FALSE,FALSE,FALSE,FALSE,FALSE,NA,FALSE,FALSE,TRUE
WinMinute,FRA,WinMinute,2013,NA,NA,BPO,OPEN,FALSE,10053775,NA,NA,NA,NA,NA,NA,NA,NA,"FRA,KOR,RUS","93.61,5.03,1.35",,NA,NA,NA,NA,NA,NA,NA,NA,NA,NA,NA,NA,50000,NA,NA,FALSE,TRUE,FALSE,FALSE,TRUE,FALSE,FALSE,FALSE,FALSE,FALSE,FALSE,FALSE,FALSE,FALSE,FALSE,TRUE,FALSE,TRUE,TRUE
WorkforceLogic,USA,VMS (Zerochaos),1999,NA,NA,BPO,BPO,FALSE,209835,USA,80.7,NA,NA,NA,125357,22933,31.19,"USA,IND,SWE,GBR,GER,BRA,CAN,PHL,POL,FIN","55.81,28.48,9.04,1.29,0.55,0.52,0.48,0.39,0.33,0.32",NA,NA,NA,NA,NA,NA,NA,NA,NA,NA,NA,NA,NA,NA,NA,NA,NA,NA,NA,NA,NA,NA,NA,NA,NA,NA,NA,NA,NA,NA,NA,NA,NA,NA,NA
Zakstan,FRA,White Page,2017,NA,NA,BPO,NA,FALSE,223093,BEN,83.3,NA,NA,NA,NA,NA,NA,NA,NA,NA,NA,NA,NA,NA,NA,NA,NA,NA,NA,NA,NA,NA,381,NA,NA,TRUE,FALSE,TRUE,FALSE,FALSE,FALSE,FALSE,TRUE,TRUE,FALSE,FALSE,FALSE,FALSE,FALSE,FALSE,FALSE,FALSE,FALSE,FALSE
Zeerk,USA,Zeerk,2010,NA,NA,OPEN,OPEN,FALSE,38643,"USA,BGD,PAK,MAR,EGY,NGA,IND,DZA,PHL,ARE,KEN,LKA,IDN,JOR","31.8,15.1,10.7,5.6,5.6,5.4,3.7,2.8,1.9,1.5,1.3,1.2,0.8,0.7",NA,NA,NA,47626,15108,36.26,"BGD,USA,PAK,IND,MEX,CZE,DZA,MAR,EGY,CAN","29.58,17.06,5.54,4.97,4.06,3.94,3.56,3.31,2.45,2.15",NA,NA,NA,NA,NA,NA,NA,NA,NA,NA,NA,NA,NA,NA,NA,NA,TRUE,FALSE,FALSE,FALSE,FALSE,TRUE,TRUE,TRUE,TRUE,FALSE,FALSE,TRUE,TRUE,FALSE,FALSE,FALSE,TRUE,FALSE,FALSE
Prodege,USA,ySense,2005,60000000,NA,OPEN,OPEN,TRUE,47256,"USA,IND,CAN,ISR,IND","71.8,4,2.4,.8,0.6",4441,"BRA,IND,MEX,AGO,VEN,SAU,EGY,ARG,RUS,USA,NGA,COL,PAK,TUR,IDN,DZA,CHE,BGD,TWN,IRN,MYS,URK,PER,ARE,CHL,ECU,ZAF,LKA","15.4,9.6,7.6,7.5,5.1,4.8,4,3.7,3.6,3.4,2.9,2.2,2.2,1.8,1.4,1.4,1.3,1.2,1.1,1,0.9,0.9,0.9,0.7,0.6,0.6,0.5,0.5",107315,74867,69.71,"USA,GBR,CAN,IND,MEX,POL,PHL,GER,TUR,COL","45.23,4.35,4.07,2.82,2.73,2.1,1.7,1.63,1.61,1.54",3893000,770344,34.64,"BRA,POL,IND,MEX,RUS,CHI,IDN,ESP,USA,PHL","11.19,8.44,7.27,6.93,4.85,3.9,3.72,3.34,3.28,3.14",35.06,64.94,30.35,33.92,16.66,9.5,6.07,3.51,NA,Appen,Appen,TRUE,FALSE,FALSE,FALSE,FALSE,FALSE,TRUE,TRUE,TRUE,TRUE,TRUE,NA,NA,TRUE,NA,TRUE,TRUE,TRUE,FALSE
Khivrin N.N.,RUS,2Captcha,NA,NA,MegaIndex,OPEN,OPEN,FALSE,NA,NA,NA,5990,"VEN,IND,BRA,BGD,PAK,IRN,KOR,EGY,USA,DZA,RUS,PHL,VNM,MEX,ARG,IDN,NGA,COL,CHL,DOM,PER,TUR,SRB,IRQ,UKR","19.8,13.7,6.6,4.9,4.3,3.7,3.3,3,2.7,2.6,2.1,2,1.9,1.5,1.4,1.3,1.2,1.2,1.2,1,1,0.8,0.7,0.6,0.6",NA,NA,NA,NA,NA,2277000,570532,42.54,"VEN,IND,BGD,USA,PHL,PAK,IDN,BRA,VNM,UKR","29.53,10.23,8.63,4.16,3.65,3.25,3.14,2.52,2.52,1.7",28.91,71.09,32.05,34.95,15.8,8.53,5.35,3.33,NA,NA,NA,TRUE,FALSE,TRUE,FALSE,FALSE,FALSE,FALSE,FALSE,TRUE,FALSE,FALSE,FALSE,FALSE,FALSE,FALSE,FALSE,FALSE,FALSE,FALSE
NeoDev,PRT,Neobux,2008,NA,NA,OPEN,OPEN,FALSE,NA,NA,NA,868,"VEN,BRA,USA,RUS,IND,ARG,MEX,AGO,COL,EGY,PAK,PER,BGD,DZA,CUB,IRN,JAP,SAU,CHL,UKR,DOM,ECU,GRC,MMR,LBY,LKA,VNM,PHL,THA","24.2,7.3,6.7,6,5.8,5.1,5.1,3.5,3.1,1.9,1.7,1.6,1.5,1.4,1.4,1.3,1.3,1.3,1.2,1.2,1.1,0.9,0.8,0.7,0.6,0.6,0.5,0.5,0.5",NA,NA,NA,NA,NA,7945000,490207,15.52,"VEN,RUS,UKR,COL,ARG,IND,MEX,BRA,CZE,PER","18.5,7.32,7.27,6.77,4.85,3.47,3.38,3.3,3.04,2.72",31.92,68.08,28.79,33.93,16.87,10.08,6.55,3.79,NA,Appen,Appen,TRUE,FALSE,FALSE,FALSE,FALSE,FALSE,TRUE,TRUE,TRUE,TRUE,TRUE,NA,NA,TRUE,NA,TRUE,TRUE,TRUE,FALSE
Appen,AUS,Appen Connect,1998,NA,NA,BPO,CLOSED,TRUE,3200,"IND,USA,BRA,JPN,VEN,EGY,MEX,NGA,PHL,AUS,TUR,ZAF,SAU,DZA,HKG,CAN,GBR,PAK,IDN,COL,RUS,MAR,BGD,TWN,CMR,ARG,GCR,LKA","18.1,11.1,9.3,8.6,7.2,5.6,3,1.8,1.6,1.5,1.5,1.5,1.4,1.3,1.2,1,1,1,0.9,0.8,0.8,0.8,0.7,0.7,0.6,0.6,0.6,0.5",NA,NA,NA,80557,37799,21.35,"USA,BRA,IND,GBR,PHL,CHI,VEN,GER,PRT,HKG","22.38,16.7,8.32,4.33,3.89,3.5,2.61,2.58,2.56,2.39",2299000,480926,18.1,"USA,BRA,IND,GBR,ESP,FRA,PHL,GER,MEX,ITA","21.83,11.83,7.01,6.91,4.3,4.16,3.59,3.25,3.07,2.89",NA,NA,NA,NA,NA,NA,NA,NA,1000000,"Raterhub,TryRating","Google,Apple",TRUE,TRUE,TRUE,NA,FALSE,FALSE,TRUE,TRUE,TRUE,FALSE,FALSE,FALSE,FALSE,TRUE,TRUE,TRUE,FALSE,FALSE,FALSE
Zhubajie,CHI,Zhubajie,2006,431300000,NA,OPEN,OPEN,FALSE,NA,NA,NA,4114,"CHI,HKG","97.9,0.7",NA,NA,NA,NA,NA,898732,480461,,"CHI,USA,HKG,TWN,SGP,PHL,KOR,GBR,CAN,JAP","94.39,1.52,0.96,0.6,0.37,0.3,0.23,0.19,0.18,0.17",42.66,57.34,23.25,47.59,18.4,5.82,3.28,1.66,7000000,NA,NA,TRUE,NA,NA,NA,FALSE,TRUE,NA,NA,NA,NA,NA,NA,NA,NA,NA,NA,NA,NA,NA
Amazon Web Services,USA,Amazon Mechanical Turk,2005,NA,Amazon,OPEN,OPEN,TRUE,5000,"USA,IND,BRA,CAN,ALG,EGY,MAR,SAU,ISR,SAU,AUS,PAK,NGA,SGP","48.7,19.8,2.6,2.5,2.1,1.9,1.2,1.1,0.9,0.8,0.8,0.6",NA,NA,NA,272365,66333,27.03,"USA,IND,CAN,GBR,GER,NLD,KOR,SGP,BGR,BRA","74.75,2.78,2.49,2.47,1.34,1.15,0.99,0.89,0.87,0.86",5256000,454928,15.63,"USA,IND,BRA,GER,CAN,GBR,ITA,DZA,ESP,MAR","76.28,13.97,2.63,1.17,1.11,0.96,0.58,0.2,0.18,0.16",NA,NA,NA,NA,NA,NA,NA,NA,NA,NA,NA,TRUE,FALSE,TRUE,FALSE,FALSE,FALSE,TRUE,TRUE,TRUE,TRUE,TRUE,FALSE,FALSE,TRUE,FALSE,TRUE,TRUE,TRUE,FALSE
Upwork,USA,Upwork,1998,168800000,NA,OPEN,OPEN,FALSE,NA,NA,NA,681,"USA,IND,PAK,CAN,BGD,AUS,PHL,JAP,NGA,EGY,SAU,MEX,QAT,SGP,ZAF,ISR,BRA,ARE,CHE,TUR","33.7,20.9,7.6,3.5,3.4,3,2.6,1.7,1.6,1.5,1.3,1.3,1,0.8,0.8,0.8,0.8,0.7,0.6,0.6",NA,NA,NA,NA,NA,28910000,403500,25.94,"USA,IND,PHL,PAK,BGD,GBR,CAN,UKR,AUS,GER","24.7,9.73,9.3,4.56,3.73,3.61,2.91,2.84,1.84,1.3",39.14,60.86,24.48,37.8,18.97,10.3,5.44,3.01,NA,NA,NA,TRUE,TRUE,FALSE,FALSE,FALSE,TRUE,TRUE,TRUE,FALSE,FALSE,FALSE,FALSE,TRUE,FALSE,FALSE,FALSE,FALSE,FALSE,FALSE
Scale.ai,USA,Remotasks,2016,12260000,NA,BPO,OPEN,TRUE,93235,"USA,IND,PHL,MAR","58.9,6.1,4,1",8115,"PHL,VEN,KEN,EGY,NGA,ZAF,IND,BRA,MEX,PER,UGA,DZA,ARE,IDN,MAR,COL,MYS,CMR,SRB,GHA,LKA,TUR","21.1,19.7,6.9,6.3,5.9,4.7,3.8,3.1,2.5,2.1,1.7,1.3,1.2,1.1,1.1,1.1,0.9,0.8,0.7,0.6,0.6,0.5",83773,48926,49.12,"USA,PHL,VEN,IND,CHI,HKG,GER,CAN,KEN,GER","22.38,15.85,6.44,4.9,4.27,3.04,2.66,2.39,2.24,1.86",2662000,383656,26.92,"PHL,VEN,KEN,COL,ZAF,IDN,BRA,USA,ARG,NGA","43.43,28.37,6.47,3.66,2.63,1.37,1.11,0.97,0.78,0.74",41.6,58.4,31.64,35.68,15.85,8.56,5.22,3.05,NA,NA,NA,TRUE,FALSE,TRUE,TRUE,FALSE,FALSE,FALSE,NA,NA,TRUE,TRUE,NA,NA,TRUE,NA,NA,TRUE,TRUE,FALSE
Appen,AUS,Appen Tasks,1998,NA,NA,BPO,OPEN,TRUE,3200,"IND,USA,BRA,JPN,VEN,EGY,MEX,NGA,PHL,AUS,TUR,ZAF,SAU,DZA,HKG,CAN,GBR,PAK,IDN,COL,RUS,MAR,BGD,TWN,CMR,ARG,GCR,LKA","18.1,11.1,9.3,8.6,7.2,5.6,3,1.8,1.6,1.5,1.5,1.5,1.4,1.3,1.2,1,1,1,0.9,0.8,0.8,0.8,0.7,0.7,0.6,0.6,0.6,0.5",NA,NA,NA,80557,37799,21.35,"USA,BRA,IND,GBR,PHL,CHI,VEN,GER,PRT,HKG","22.38,16.7,8.32,4.33,3.89,3.5,2.61,2.58,2.56,2.39",1038000,237876,29.13,"USA,VEN,IND,BRA,MEX,GBR,ESP,PHL,GER,FRA","15.2,13.1,8.23,6.33,5.99,4.31,3.71,3.64,3.06,2.85",NA,NA,NA,NA,NA,NA,NA,NA,NA,NA,NA,TRUE,NA,TRUE,FALSE,FALSE,FALSE,FALSE,TRUE,TRUE,TRUE,TRUE,FALSE,FALSE,TRUE,FALSE,TRUE,TRUE,TRUE,FALSE
Khivrin N.N.,RUS,rucaptcha,NA,NA,MegaIndex,OPEN,OPEN,FALSE,NA,NA,NA,39499,"RUS,VEN,UKR,EGY,BLR,PAK,IRN,KAZ,ARM","46.5,22.5,6.1,3,2.7,.8,1.6,1,.8",NA,NA,NA,NA,NA,732379,196429,46.47,"RUS,UKR,TKM,VEN,BLR,KAZ,USA,EST,MDA,UZB","45.42,18.91,9.51,3.74,3.69,2.02,1.97,0.99,0.95,0.88",31.15,68.85,28.36,38.31,15.23,9.13,5.86,3.1,NA,NA,NA,TRUE,FALSE,TRUE,FALSE,FALSE,FALSE,FALSE,FALSE,TRUE,FALSE,FALSE,FALSE,FALSE,FALSE,FALSE,FALSE,FALSE,FALSE,FALSE
Applause,USA,uTest,2006,NA,Vista Equity Partners,BPO,CLOSED,TRUE,104270,"USA,IND","59.2,12.4",18067,"ESP,IND,USA,NGA,EGY,GRC,ZAF,PAN,ISR,VEN,SAU,ALB,RUS,TUN,CAN,ARE,TUR,KAZ","19.1,10.9,10.3,6.5,5.3,4.1,4,3.7,3.5,2.5,2.1,2,1.7,1.7,1.6,1.1,1.1,.8",83870,31616,41.03,"USA,ISR,IND,GRC,IRL,GER,POL,GBR,FRA,BRA","22.84,13.45,12.55,8.74,8.18,6.1,2.72,2.46,2.18,1.55",904232,185949,28.14,"USA,IND,GBR,CAN,ISR,RUS,BRA,UKR,POL,GRC","28.63,6.94,5.64,5.28,4.32,3.49,3.36,2.93,2.68,2.5",38.2,61.8,22.38,34.11,19.61,11.75,7.47,4.68,500000,NA,NA,TRUE,TRUE,TRUE,TRUE,FALSE,FALSE,FALSE,FALSE,FALSE,FALSE,FALSE,FALSE,TRUE,FALSE,TRUE,FALSE,TRUE,FALSE,TRUE
Weblabcenter,USA,Microworkers,2009,NA,NA,OPEN,OPEN,FALSE,NA,NA,NA,10639,"SDN,VEN,USA,SAU,IND,EGY,BGD,QAT,DZA,ARG,ARE,DOM,PAK,MAR,CAN,ZAF,MEX,COL,KWT,TUR,TUN,IDN,NGA,IRQ,JOR,LKA","14.8,10.5,9.4,7.2,6.5,6.3,5,5,4.3,3,2.4,2,2,1.6,1.5,1.3,1.2,1.2,1.1,1.1,1,0.7,0.7,0.7,0.6,0.5",NA,NA,NA,NA,NA,720703,153094,15.61,"VEN,BGD,USA,IND,BRA,COL,PHL,LKA,PER,VNM","12.97,12.14,9.60,7.68,4.61,3.57,2.98,2.72,2.22,2.12",36.84,63.16,29.23,34.35,17.05,9.75,6.09,3.52,NA,NA,NA,TRUE,FALSE,TRUE,FALSE,FALSE,FALSE,TRUE,TRUE,TRUE,TRUE,FALSE,TRUE,TRUE,TRUE,TRUE,TRUE,TRUE,TRUE,TRUE
Clickworker,GER,Clickworker,2005,10700000,NA,BPO,OPEN,TRUE,13334,"IND,USA,GER,BRA,MEX,RUS,ZAF,EGY,NGA,PHL,DZA,TUR,MAR,KEN,BGD,MYS,LKA,TUN,PAK,ARE,IDN,VNM","16.6,16.5,12.5,10.7,6.3,3,2.7,2.5,2.5,1.6,1.3,1,0.9,0.9,0.9,0.8,0.8,0.8,0.7,0.7,0.70.6",NA,NA,NA,158617,59757,68.1,"USA,GER,BRA,GBR,ESP,IND,CAN,ITA,PHL,FRA","20.27,16.92,9.51,6.79,6.27,5.04,3.82,3.41,3.18,2.94",624442,142884,30.47,"USA,GER,BRA,GBR,ESP,FRA,IND,PHL,ITA,ZAF","28.35,15.9,7.76,6.28,6.13,4.68,3.3,3.24,3.12,0.44",NA,NA,NA,NA,NA,NA,NA,NA,2000000,UHRS,Microsoft,TRUE,TRUE,TRUE,FALSE,FALSE,FALSE,TRUE,TRUE,TRUE,TRUE,TRUE,NA,NA,TRUE,TRUE,TRUE,TRUE,TRUE,TRUE
Google,USA,Raterhub,NA,NA,Alphabet,INTERNAL,CLOSED,TRUE,NA,NA,NA,16420,"JAP,USA,IND,EGY,BRA,RUS,CAN,ISR,IDN,MYS","27.5,23.9,18.5,9.6,4,4,3.7,2,1.7,0.7",NA,NA,NA,NA,NA,2945000,136352,27.11,"USA,BRA,IND,ESP,GBR,GER,FRA,MEX,RUS,JAP","44.32,9.45,8.66,6.65,6.64,5.95,4.76,2.32,1.88,1.23",42.75,57.25,20.57,28.36,18.33,13.64,11.2,7.89,NA,NA,NA,TRUE,FALSE,TRUE,NA,FALSE,FALSE,NA,NA,NA,NA,NA,NA,NA,NA,NA,NA,NA,NA,NA
Castle Global (Hive),USA,Hive Work,2013,20200000,NA,BPO,OPEN,TRUE,349763,USA,84.8,10503,"VEN,ARG,SLV,IND,BRA,COL,PER,RUS,LKA,EGY","61.5,9.5,5.5,3.5,3.4,2.3,2.2,1.4,0.9,0.6",32112,10635,41.32,"IND,USA,GBR,CHI,CAN,FRA,ISR,SGP,VNM,KOR","56.67,25.34,2.63,2.55,1.88,1.31,0.67,0.67,0.66,0.55",1104000,115434,20.3,"VEN,PHL,IND,ECU,BRA,COL,MEX,PER,ARG,USA","69,5.78,3.75,2.99,2.64,2.36,2.29,2.21,1.18,0.79",40.31,59.69,30.45,34.33,16.21,9.5,6.02,3.48,1500000,NA,NA,TRUE,FALSE,FALSE,FALSE,FALSE,FALSE,FALSE,FALSE,FALSE,TRUE,TRUE,FALSE,FALSE,FALSE,FALSE,FALSE,FALSE,TRUE,FALSE
Anti-Captcha,GBR,Kolotibablo,2010,NA,"Complisoft Development LP,Coliseo Management Limited",BPO,OPEN,TRUE,46970,"AZE,USA,EGY,RUS,IRN,IND,TUR,VNM,UKR,BGD","51.4,8.8,6,4.6,3.2,2.9,2.4,1.7,1,0.9",31685,"VEN,IND,BGD,LKA,MDG,CHL,PHL,PAK,EGY,IDN,RUS,ARE,IRN,NPL","22.5,21.6,7.3,5.1,4.7,4.4,4.2,3.6,3.3,2.6,2,1.4,1,0.8",132845,68351,36.6,"RUS,USA,BRA,URK,FRA,CAN,NLD,GBR,IND,GER","17.58,8.13,5.98,5.55,5.11,3.27,3.26,3.03,2.95,2.43",497229,112505,21.36,"VEN,IND,PHL,BGD,NPL,RUS,UKR,PAK,IDN,USA","47.77,6.15,5.56,4.48,4.14,3.97,3.87,3.63,2.17,1.8",35.57,64.43,31.25,35.1,15.49,8.99,5.74,3.44,NA,NA,NA,TRUE,TRUE,TRUE,FALSE,FALSE,FALSE,FALSE,FALSE,TRUE,FALSE,FALSE,FALSE,FALSE,FALSE,FALSE,FALSE,FALSE,FALSE,FALSE
Microsoft,USA,UHRS,NA,NA,NA,INTERNAL,CLOSED,FALSE,NA,NA,NA,NA,NA,NA,NA,NA,NA,NA,NA,1339000,78104,14.55,"USA,MEX,GER,CAN,IND,FRA,GBR,BRA,PHL,ESP","47.48,10.41,6.92,6.68,6.61,4.73,3.88,3.24,1.25,0.96",NA,NA,NA,NA,NA,NA,NA,NA,NA,NA,NA,TRUE,FALSE,TRUE,FALSE,FALSE,FALSE,FALSE,TRUE,TRUE,TRUE,TRUE,FALSE,TRUE,TRUE,FALSE,NA,TRUE,FALSE,FALSE
Zhubajie,CHI,Witmart,2011,NA,Zhubajie,OPEN,OPEN,TRUE,325528,CAN,46.8,NA,NA,NA,NA,NA,NA,NA,NA,145511,65180,15.39,"CHI,USA,HKG,CAN,SGP,IND,TWN,NLD,AUS,GER","45.59,36.26,3.79,2.5,0.97,0.87,0.84,0.77,0.7,0.7,0.7",NA,NA,NA,NA,NA,NA,NA,NA,NA,NA,NA,TRUE,FALSE,FALSE,FALSE,FALSE,TRUE,TRUE,TRUE,TRUE,FALSE,FALSE,FALSE,FALSE,FALSE,FALSE,FALSE,FALSE,FALSE,FALSE
Century Interactive,USA,Humanatic,2011,NA,M. White & Associates,BPO,OPEN,TRUE,NA,NA,NA,57928,"VEN,IND,PHL,MKD","47.3,12.5,4.2,3.1",NA,NA,NA,NA,NA,224439,50585,19.18,"VEN,PHL,USA,COL,PAK,IND,EST,MEX,PER,EGY","39.73,14,10.87,8.79,5.6,4.18,2.44,2.21,1.2,1.19",45.52,54.58,30.33,32.49,16.53,10.34,6.44,3.87,150000,NA,NA,TRUE,FALSE,TRUE,NA,FALSE,FALSE,FALSE,FALSE,TRUE,FALSE,FALSE,FALSE,FALSE,FALSE,TRUE,FALSE,FALSE,FALSE,FALSE
Pactera,CHI,OneForma,1995,NA,HNA EcoTech,BPO,CLOSED,TRUE,NA,NA,NA,NA,NA,NA,NA,NA,NA,NA,NA,257161,47944,20.56,"BRA,ESP,THA,MEX,USA,KEN,CMR,PHL,CHI,TUR","36.08,11.66,6.53,6.17,5.53,5.11,3.46,2.85,2.36,2.33",NA,NA,NA,NA,NA,NA,NA,NA,NA,NA,NA,TRUE,FALSE,TRUE,FALSE,FALSE,TRUE,TRUE,TRUE,TRUE,TRUE,NA,NA,NA,TRUE,NA,NA,TRUE,TRUE,TRUE
iSoftStone,CHI,Teemwork.ai,2001,46500000,NA,BPO,CLOSED,TRUE,NA,NA,NA,333273,"CHI,USA,HKG,MYS,IND","91,1,1,1,1",7286,4400,60.45,"USA,BRA,RUS,IND,ITA,MEX,GBR,GER,IDN,FRA","58.41,6.59,4.66,3.56,2.76,2.69,2.64,1.99,1.44,1.09",80479,39857,31.23,"USA,FRA,CAN,GER,BRA,PHL,NED,IND,POL,MEX","27.74,10.91,7.22,6.99,5.32,5.11,3.87,3.74,3.13,3.08",44.3,55.7,24,29.47,18.64,13.3,9,5.6,NA,NA,NA,TRUE,NA,TRUE,NA,FALSE,FALSE,FALSE,TRUE,TRUE,TRUE,TRUE,NA,NA,TRUE,NA,NA,TRUE,NA,NA
Uber Advanced Technologies Group,USA,Spare5,2014,27300000,Uber,INTERNAL,CLOSED,FALSE,NA,NA,NA,76672,"VEN,IND,EGY,MAR","72.1,5.4,4.9,1.2",NA,NA,NA,NA,NA,65347,23642,39.85,"VEN,USA,PHL,PAN,MEX,COL,IND,PER,RA,GBR","53.17,6,5.42,4.22,4.17,3.46,2.21,1.66,1.28,.07",NA,NA,NA,NA,NA,NA,NA,NA,NA,NA,NA,TRUE,FALSE,TRUE,NA,FALSE,FALSE,FALSE,FALSE,FALSE,FALSE,FALSE,FALSE,FALSE,FALSE,FALSE,FALSE,FALSE,FALSE,FALSE
Apple,USA,TryRating,NA,NA,NA,INTERNAL,BPO,TRUE,NA,NA,NA,47967,"JAP,EGY,IND,TUR","79.8,9.5,6.1,3.1",NA,NA,NA,NA,NA,247570,18701,26.06,"USA,IND,BRA,TUR,FRA,PHL,VNM,FIN,GER,RUS","28.76,14.75,10.94,7.28,5.33,3.76,3.43,3.28,3.01,2.18",42.45,57.55,24.73,30.76,18.05,12,8.75,5.72,NA,NA,NA,TRUE,FALSE,NA,NA,FALSE,FALSE,NA,NA,NA,NA,NA,NA,NA,NA,NA,NA,NA,NA,NA
Crowdsource,USA,OnceSpace,2011,21500000,OneSpace,BPO,CLOSED,TRUE,238737,IND,28.2,NA,NA,NA,21368,13356,52.89,"USA,IND,PHL,IDN,CAN,VNM,GBR,FRA,ZAF,KEN","17.62,13.76,4.69,4.53,4.06,3.85,3.33,2.52,2.49,2.08",107454,15052,15.61,"USA,PHL,GBR,SRB,KEN,IND,CZE,AUT,IDN,CAN","52.85,17.06,16.13,4.24,2.2,1.65,0.51,0.35,0.33,0.24",NA,NA,NA,NA,NA,NA,NA,NA,,,,TRUE,FALSE,TRUE,NA,,,TRUE,TRUE,TRUE,TRUE,NA,FALSE,FALSE,TRUE,TRUE,FALSE,TRUE,TRUE,FALSE
Google,USA,Crowdsource,NA,NA,NA,INTERNAL,OPEN,TRUE,NA,NA,NA,NA,NA,NA,NA,NA,NA,NA,NA,79590,10127,40.06,"IND,USA,CAN,BLR,NGA,KEN,JAP,GER,VNM,ESP","46.44,22.69,5.51,3.17,2.29,1.93,1.77,1.65,1.45,1.29",NA,NA,NA,NA,NA,NA,NA,NA,NA,NA,NA,TRUE,TRUE,FALSE,FALSE,FALSE,FALSE,FALSE,FALSE,TRUE,TRUE,FALSE,FALSE,FALSE,FALSE,FALSE,FALSE,FALSE,FALSE,FALSE
Wirk,FRA,Yappers.club,2014,NA,NA,BPO,OPEN,TRUE,NA,NA,NA,2895023,NA,NA,503,NA,16.88,"FRA,BEL","64,36",41673,7465,21.45,"FRA,AGO,GER,CIV,GBR,MDG,BEL,TGO,MAR,ROU","93.35,2.58,0.91,0.61,0.6,0.55,0.49,0.15,0.14,0.11",44.64,55.36,26.83,27.94,18.22,12.32,8.62,6.06,50000,NA,NA,TRUE,NA,TRUE,FALSE,FALSE,FALSE,TRUE,TRUE,TRUE,TRUE,TRUE,TRUE,TRUE,TRUE,TRUE,TRUE,TRUE,TRUE,FALSE
Yandex,RUS,Yandex.Toloka,1997,NA,NA,BPO,OPEN,FALSE,1436,"IND,TUR,USA,AZE,BRA,JPN,EGY,VNM,IRN,PAK,MAR,NGA,IDN,GER,RUS,CHI,SAU,MMR,DZA,BGD,MEX,ARG,LBY,HKG,CAN,ARE,KOR,CHE,ZAF,GRC,LKA,SYR,TUN","13.7,13.4,9.6,4,3.9,3.3,3.1,2.7,2.7,2.4,2.3,2.2,2.1,2.1,2.1,2,1.9,1.7,1.3,1.3,1.1,1.1,1,1,0.9,0.9,0.8,0.8,0.7,0.7,0.7,0.6,0.5",NA,NA,NA,285821,63364,34.88,"RUS,VNM,TUR,DNK,UKR,IND,BLR,KAZ,PHL,MDA","37.37,33.41,8.96,3.79,3.06,2.62,2.54,1.3,1.14,1.07",7156,5609,63.42,"RUS,USA,BLR,IND,UKR,KAZ,SGP,JAP,UZB","89.38,6.3,1.51,0.89,0.77,0.47,0.33,0.19,0.16",NA,NA,NA,NA,NA,NA,NA,NA,NA,NA,NA,TRUE,TRUE,FALSE,FALSE,FALSE,FALSE,TRUE,TRUE,TRUE,TRUE,TRUE,TRUE,TRUE,TRUE,TRUE,TRUE,TRUE,TRUE,TRUE
Khivrin N.N.,RUS,SolveCaptcha,NA,NA,MegaIndex,OPEN,OPEN,FALSE,NA,NA,NA,604715,NA,NA,NA,NA,NA,NA,NA,5891,2600,41.99,"IND,RUS,PAK,UKR,CAN,BGD,PER,PHL,BRA,BLR","43.28,11.52,8.65,3.63,2.78,2.64,2.63,2.21,2.19,1.94",36.69,63.31,29.43,35.54,15.8,9.31,6.28,3.64,NA,NA,NA,TRUE,FALSE,TRUE,FALSE,FALSE,FALSE,FALSE,FALSE,TRUE,FALSE,FALSE,FALSE,FALSE,FALSE,FALSE,FALSE,FALSE,FALSE,FALSE
Innocentive,USA,Challenge Center,2001,NA,NA,BPO,OPEN,TRUE,195165,"IND,USA","35.7,21.9",NA,NA,NA,48709,24904,48.36,"USA,IND,GBR,SVN,CAN,BRA,CHI,IDN,GER,ITA","19.06,8.79,7.93,6.21,5.92,5.92,3.93,3.75,2.44,2.29",5270,2500,24.74,"USA,SVN,IND,CHI,IDN,GBR,ITA,CAN,RUS,FRA","16.91,12.81,8.29,7.87,7.76,7.19,5.22,5.2,4.6,3.51",NA,NA,NA,NA,NA,NA,NA,NA,NA,NA,NA,NA,NA,NA,NA,TRUE,FALSE,FALSE,FALSE,FALSE,FALSE,FALSE,FALSE,FALSE,FALSE,FALSE,FALSE,FALSE,FALSE,FALSE
ImageAnnotation,USA,Microwork.app,2014,NA,General Blockchain,BPO,OPEN,FALSE,893736,NA,NA,1265747,NA,NA,8841,4728,66.61,"IND,USA,HUN,PHL,KHM,GER,BRA,SRB,CHE,GBR","21.49,7.61,6.78,6.24,5.54,4.11,3.67,3.05,2.33,.86",7533,1343,69.55,"PHL,USA,IND,PER,ITA,DZA,VEN,DOM,CHL,TUR","11.05,7.77,6.07,5.6,5.49,4.65,3.97,3.46,3.08",40.66,59.34,28.45,31.9,17.75,10.75,6.87,4.28,NA,NA,NA,FALSE,TRUE,FALSE,FALSE,FALSE,FALSE,FALSE,FALSE,FALSE,FALSE,FALSE,FALSE,FALSE,FALSE,FALSE,FALSE,FALSE,FALSE,TRUE